{
    "presets": [
        {
            "angleDeg": 90.0,
            "automationPhase": 0.0,
            "blackout": false,
            "brightnessScalar": 0.800000011920929,
            "columnOffset": 0,
            "hasData": true,
            "lineColor": [
                0.0,
                0.7372549176216125,
                0.3607843220233917,
                1.0
            ],
            "lineWidth": 11.909448623657227,
            "pauseAutomation": false,
            "rotationSpeedDegPerSec": -257.9527587890625,
            "sendOsc": true,
            "serpentine": false,
            "source": "midi",
            "targetSendFps": 30.0,
            "verticalFlip": false,
            "verticalSpeedPxPerSec": 20.0
        },
        {
            "angleDeg": 89.29133605957031,
            "automationPhase": 0.9921259880065918,
            "blackout": false,
            "brightnessScalar": 0.800000011920929,
            "columnOffset": 0,
            "hasData": true,
            "lineColor": [
                0.917647123336792,
                0.5960784554481506,
                0.5960784554481506,
                1.0
            ],
            "lineWidth": 0.5,
            "pauseAutomation": false,
            "rotationSpeedDegPerSec": 360.0,
            "sendOsc": true,
            "serpentine": false,
            "source": "midi",
            "targetSendFps": 30.0,
            "verticalFlip": false,
            "verticalSpeedPxPerSec": 19.685039520263672
        },
        {
            "angleDeg": 90.0,
            "automationPhase": 0.9921259880065918,
            "blackout": false,
            "brightnessScalar": 0.800000011920929,
            "columnOffset": 0,
            "hasData": true,
            "lineColor": [
                0.6784313917160034,
                1.0,
                0.7764706611633301,
                1.0
            ],
            "lineWidth": 12.0,
            "pauseAutomation": false,
            "rotationSpeedDegPerSec": 360.0,
            "sendOsc": true,
            "serpentine": false,
            "source": "midi",
            "targetSendFps": 30.0,
            "verticalFlip": false,
            "verticalSpeedPxPerSec": 19.685039520263672
        },
        {
            "angleDeg": 0.0,
            "automationPhase": 0.0,
            "blackout": false,
            "brightnessScalar": 0.800000011920929,
            "columnOffset": 0,
            "hasData": false,
            "lineColor": [
                0.0,
                0.23529386520385742,
                1.0,
                1.0
            ],
            "lineWidth": 2.0,
            "pauseAutomation": false,
            "rotationSpeedDegPerSec": 30.0,
            "sendOsc": true,
            "serpentine": false,
            "source": "video",
            "targetSendFps": 30.0,
            "verticalFlip": false,
            "verticalSpeedPxPerSec": 2.0
        },
        {
            "angleDeg": 0.0,
            "automationPhase": 0.0,
            "blackout": false,
            "brightnessScalar": 0.800000011920929,
            "columnOffset": 0,
            "hasData": false,
            "lineColor": [
                0.0,
                0.23529386520385742,
                1.0,
                1.0
            ],
            "lineWidth": 2.0,
            "pauseAutomation": false,
            "rotationSpeedDegPerSec": 30.0,
            "sendOsc": true,
            "serpentine": false,
            "source": "video",
            "targetSendFps": 30.0,
            "verticalFlip": false,
            "verticalSpeedPxPerSec": 2.0
        },
        {
            "angleDeg": 0.0,
            "automationPhase": 0.0,
            "blackout": false,
            "brightnessScalar": 0.800000011920929,
            "columnOffset": 0,
            "hasData": false,
            "lineColor": [
                0.0,
                0.23529386520385742,
                1.0,
                1.0
            ],
            "lineWidth": 2.0,
            "pauseAutomation": false,
            "rotationSpeedDegPerSec": 30.0,
            "sendOsc": true,
            "serpentine": false,
            "source": "video",
            "targetSendFps": 30.0,
            "verticalFlip": false,
            "verticalSpeedPxPerSec": 2.0
        },
        {
            "angleDeg": 0.0,
            "automationPhase": 0.0,
            "blackout": false,
            "brightnessScalar": 0.800000011920929,
            "columnOffset": 0,
            "hasData": false,
            "lineColor": [
                0.0,
                0.23529386520385742,
                1.0,
                1.0
            ],
            "lineWidth": 2.0,
            "pauseAutomation": false,
            "rotationSpeedDegPerSec": 30.0,
            "sendOsc": true,
            "serpentine": false,
            "source": "video",
            "targetSendFps": 30.0,
            "verticalFlip": false,
            "verticalSpeedPxPerSec": 2.0
        },
        {
            "angleDeg": 0.0,
            "automationPhase": 0.0,
            "blackout": false,
            "brightnessScalar": 0.800000011920929,
            "columnOffset": 0,
            "hasData": false,
            "lineColor": [
                0.0,
                0.23529386520385742,
                1.0,
                1.0
            ],
            "lineWidth": 2.0,
            "pauseAutomation": false,
            "rotationSpeedDegPerSec": 30.0,
            "sendOsc": true,
            "serpentine": false,
            "source": "video",
            "targetSendFps": 30.0,
            "verticalFlip": false,
            "verticalSpeedPxPerSec": 2.0
        }
    ]
}